{
  "experiment_dir": "experiments/direct/20251211_093829/",
  "config_path": "experiments/direct/20251211_093829/config.json",
  "checkpoint_path": "experiments/direct/20251211_093829/best.pt",
  "device": "cuda",
  "eval_run_name": "20251211_151503",
  "eval_config": {
    "num_eval_trajs_requested": 20,
    "num_eval_trajs_evaluated": 20,
    "random_select": false,
    "seed": null,
    "selected_ids": [
      232,
      765,
      974,
      200,
      474,
      188,
      560,
      432,
      316,
      568,
      222,
      716,
      120,
      802,
      172,
      207,
      372,
      963,
      537,
      203
    ],
    "evaluated_ids": [
      232,
      765,
      974,
      200,
      474,
      188,
      560,
      432,
      316,
      568,
      222,
      716,
      120,
      802,
      172,
      207,
      372,
      963,
      537,
      203
    ]
  },
  "metrics": {
    "avg_traj_state_mse": 0.6228118918630637,
    "avg_traj_pos_mse": 1.1916866316819255,
    "avg_traj_vel_mse": 0.05393715204420185,
    "avg_final_state_mse": 1.3387039707557162,
    "avg_final_pos_mse": 2.6065709445133036,
    "avg_final_vel_mse": 0.07083699699812926
  },
  "speed": {
    "steps": 1000,
    "total_time_sec": 0.8252839329652488,
    "time_per_step_sec": 0.0008252839329652488,
    "steps_per_sec": 1211.7041905892868
  },
  "per_trajectory": [
    {
      "id": 232,
      "traj_len": 99,
      "traj_state_mse": 0.00031157789770752507,
      "traj_pos_mse": 0.0006035320907474821,
      "traj_vel_mse": 1.962370466756791e-05,
      "traj_pos_mse_per_dim": [
        0.0011279795086392719,
        1.2840288804443584e-05,
        0.0006697764747987312
      ],
      "traj_vel_mse_per_dim": [
        3.595591585791065e-05,
        5.56748390809946e-07,
        2.2358449753983125e-05
      ],
      "final_state_mse": 0.0009236924087330819,
      "final_pos_mse": 0.001826590769560487,
      "final_vel_mse": 2.0794047905676917e-05,
      "final_pos_mse_per_dim": [
        0.003368548679418659,
        4.023124708276986e-05,
        0.002070992382180032
      ],
      "final_vel_mse_per_dim": [
        3.80804134180267e-05,
        6.459063022858782e-07,
        2.3655823996718164e-05
      ]
    },
    {
      "id": 765,
      "traj_len": 99,
      "traj_state_mse": 1.9081320121248961,
      "traj_pos_mse": 3.727532555574001,
      "traj_vel_mse": 0.08873146867579118,
      "traj_pos_mse_per_dim": [
        1.0843933017694545,
        6.257514168234388,
        3.840690196718161
      ],
      "traj_vel_mse_per_dim": [
        0.0033744861046124705,
        0.007299396469171943,
        0.2555205234535891
      ],
      "final_state_mse": 5.3422976182217345,
      "final_pos_mse": 10.594364689306156,
      "final_vel_mse": 0.09023054713731253,
      "final_pos_mse_per_dim": [
        6.097787135748425,
        23.672017769669175,
        2.0132891625008638
      ],
      "final_vel_mse_per_dim": [
        0.00042096587710128476,
        0.007520586695033768,
        0.26275008883980255
      ]
    },
    {
      "id": 974,
      "traj_len": 99,
      "traj_state_mse": 0.1305157020658909,
      "traj_pos_mse": 0.2537366380503439,
      "traj_vel_mse": 0.007294766081437856,
      "traj_pos_mse_per_dim": [
        0.0007700316557428895,
        0.12758604289688963,
        0.6328538395983994
      ],
      "traj_vel_mse_per_dim": [
        0.00032582818818065347,
        0.0005552906730571698,
        0.02100317938307575
      ],
      "final_state_mse": 0.422441863680175,
      "final_pos_mse": 0.8355169141847556,
      "final_vel_mse": 0.009366813175594445,
      "final_pos_mse_per_dim": [
        0.0058353732328973364,
        0.5348989137358433,
        1.9658164555855264
      ],
      "final_vel_mse_per_dim": [
        0.0007388509572262048,
        0.0007003353899043319,
        0.026661253179652795
      ]
    },
    {
      "id": 200,
      "traj_len": 99,
      "traj_state_mse": 2.3927417135087334,
      "traj_pos_mse": 4.597771269510586,
      "traj_vel_mse": 0.18771215750688092,
      "traj_pos_mse_per_dim": [
        2.789254358637506,
        8.258885079899272,
        2.7451743699949778
      ],
      "traj_vel_mse_per_dim": [
        0.02054507683195541,
        0.012546534758327718,
        0.5300448609303595
      ],
      "final_state_mse": 4.928368123587954,
      "final_pos_mse": 9.567778767500569,
      "final_vel_mse": 0.28895747967533925,
      "final_pos_mse_per_dim": [
        6.87139997191354,
        21.572018451442766,
        0.2599178791453987
      ],
      "final_vel_mse_per_dim": [
        0.014275997015837094,
        0.01976443571829961,
        0.832832006291881
      ]
    },
    {
      "id": 474,
      "traj_len": 99,
      "traj_state_mse": 0.25997039073982603,
      "traj_pos_mse": 0.5065295410281213,
      "traj_vel_mse": 0.013411240451530727,
      "traj_pos_mse_per_dim": [
        0.08587214734100546,
        0.30210325610517597,
        1.1316132196381825
      ],
      "traj_vel_mse_per_dim": [
        0.00024307121042316476,
        0.0010389677372869253,
        0.03895168240688209
      ],
      "final_state_mse": 0.8968277255258167,
      "final_pos_mse": 1.7783398048110308,
      "final_vel_mse": 0.015315646240602455,
      "final_pos_mse_per_dim": [
        0.4687144918029526,
        1.2526721473955258,
        3.613632775234614
      ],
      "final_vel_mse_per_dim": [
        0.00016945458015410985,
        0.0011859588277510081,
        0.044591525313902244
      ]
    },
    {
      "id": 188,
      "traj_len": 99,
      "traj_state_mse": 0.25430345778709007,
      "traj_pos_mse": 0.4953784454810423,
      "traj_vel_mse": 0.01322847009313786,
      "traj_pos_mse_per_dim": [
        0.07748966108969726,
        0.28817769950742134,
        1.1204679758460083
      ],
      "traj_vel_mse_per_dim": [
        0.0002955353311415037,
        0.0010239242657443396,
        0.038365950682527725
      ],
      "final_state_mse": 0.8677925995703153,
      "final_pos_mse": 1.721071055869064,
      "final_vel_mse": 0.014514143271566757,
      "final_pos_mse_per_dim": [
        0.4306114176202747,
        1.188067882036332,
        3.544533867950585
      ],
      "final_vel_mse_per_dim": [
        0.00035150820048921935,
        0.0011197104658817146,
        0.04207121114832934
      ]
    },
    {
      "id": 560,
      "traj_len": 99,
      "traj_state_mse": 1.412406268866152,
      "traj_pos_mse": 2.6678259759486256,
      "traj_vel_mse": 0.15698656178367842,
      "traj_pos_mse_per_dim": [
        1.3705122675917398,
        3.706776413023147,
        2.9261892472309876
      ],
      "traj_vel_mse_per_dim": [
        0.00277969206893029,
        0.013086548348161683,
        0.45509344493394316
      ],
      "final_state_mse": 2.7121503509047162,
      "final_pos_mse": 5.259165200719204,
      "final_vel_mse": 0.16513550109022793,
      "final_pos_mse_per_dim": [
        5.6589836725480405,
        10.095117456903735,
        0.02339447270583669
      ],
      "final_vel_mse_per_dim": [
        0.004005690021399223,
        0.013834432917069366,
        0.47756638033221516
      ]
    },
    {
      "id": 432,
      "traj_len": 99,
      "traj_state_mse": 0.06907433894311286,
      "traj_pos_mse": 0.13425531747705416,
      "traj_vel_mse": 0.0038933604091715758,
      "traj_pos_mse_per_dim": [
        0.016996731713149412,
        0.05075823491570025,
        0.33501098580231287
      ],
      "traj_vel_mse_per_dim": [
        0.0003029278133945048,
        0.00029652965617750694,
        0.011080623757942722
      ],
      "final_state_mse": 0.22086461360863677,
      "final_pos_mse": 0.4377456521501488,
      "final_vel_mse": 0.003983575067124735,
      "final_pos_mse_per_dim": [
        0.06747592184143938,
        0.21090280523995966,
        1.0348582293690474
      ],