{
  "input": {
    "mean": [
      -0.013239965586452643,
      0.003281898693757229,
      0.01972669573556355,
      -0.026253672095191027,
      -0.0003261686919393195
    ],
    "std": [
      0.2841192523598966,
      0.054128746029407045,
      0.32826386063418483,
      0.5781020861420694,
      0.5717321979702027
    ]
  },
  "target": {
    "mean": [
      -0.013399988801218404,
      0.0033179276140297906,
      0.019942196549493557
    ],
    "std": [
      0.2858411426662693,
      0.05445549829386697,
      0.330243026141074
    ]
  }
}