{
  "experiment_dir": "experiments/structured_minimal/20251211_093846/",
  "config_path": "experiments/structured_minimal/20251211_093846/config.json",
  "checkpoint_path": "experiments/structured_minimal/20251211_093846/best.pt",
  "device": "cuda",
  "eval_run_name": "20251211_151637",
  "eval_config": {
    "num_eval_trajs_requested": 20,
    "num_eval_trajs_evaluated": 20,
    "random_select": false,
    "seed": null,
    "selected_ids": [
      232,
      765,
      974,
      200,
      474,
      188,
      560,
      432,
      316,
      568,
      222,
      716,
      120,
      802,
      172,
      207,
      372,
      963,
      537,
      203
    ],
    "evaluated_ids": [
      232,
      765,
      974,
      200,
      474,
      188,
      560,
      432,
      316,
      568,
      222,
      716,
      120,
      802,
      172,
      207,
      372,
      963,
      537,
      203
    ]
  },
  "metrics": {
    "avg_traj_state_mse": 84685.1275097087,
    "avg_traj_pos_mse": 8.658941073740914,
    "avg_traj_vel_mse": 169361.59607834366,
    "avg_final_state_mse": 302912.4428885821,
    "avg_final_pos_mse": 7.558830796694788,
    "avg_final_vel_mse": 605817.3269463677
  },
  "speed": {
    "steps": 1000,
    "total_time_sec": 1.3861328100319952,
    "time_per_step_sec": 0.0013861328100319952,
    "steps_per_sec": 721.4315920975262
  },
  "per_trajectory": [
    {
      "id": 232,
      "traj_len": 99,
      "traj_state_mse": 295908.1208160681,
      "traj_pos_mse": 0.971763592118945,
      "traj_vel_mse": 591815.2698685442,
      "traj_pos_mse_per_dim": [
        0.0056639952931342025,
        0.021324611735370223,
        2.8883021693283304
      ],
      "traj_vel_mse_per_dim": [
        256.6271918608027,
        376.44119853690114,
        1774812.7412152346
      ],
      "final_state_mse": 1088372.5929683934,
      "final_pos_mse": 2.594367714396182,
      "final_vel_mse": 2176742.5915690726,
      "final_pos_mse_per_dim": [
        0.00525240278372764,
        0.022412233787943225,
        7.755438506616875
      ],
      "final_vel_mse_per_dim": [
        945.3869205029802,
        1363.5227387781251,
        6527918.865047936
      ]
    },
    {
      "id": 765,
      "traj_len": 99,
      "traj_state_mse": 48.48430216190414,
      "traj_pos_mse": 64.13289555107617,
      "traj_vel_mse": 32.83570877273212,
      "traj_pos_mse_per_dim": [
        49.328267581290746,
        140.44863347084788,
        2.6217856010898304
      ],
      "traj_vel_mse_per_dim": [
        46.860476529055994,
        0.030739589966957154,
        51.615910199173406
      ],
      "final_state_mse": 47.19156624793254,
      "final_pos_mse": 75.14552956469946,
      "final_vel_mse": 19.237602931165643,
      "final_pos_mse_per_dim": [
        11.211613402342469,
        208.60399668619036,
        5.62097860556556
      ],
      "final_vel_mse_per_dim": [
        57.1449961574288,
        0.022975368925607257,
        0.5448372671425252
      ]
    },
    {
      "id": 974,
      "traj_len": 99,
      "traj_state_mse": 26492.85804348237,
      "traj_pos_mse": 1.1294560222825716,
      "traj_vel_mse": 52984.58663094247,
      "traj_pos_mse_per_dim": [
        0.20907975090933145,
        0.14491196688125668,
        3.0343763490571276
      ],
      "traj_vel_mse_per_dim": [
        6149.909771930662,
        62.58150441532214,
        152741.2686164814
      ],
      "final_state_mse": 88885.2270166905,
      "final_pos_mse": 1.6585384811986634,
      "final_vel_mse": 177768.79549489982,
      "final_pos_mse_per_dim": [
        0.46481599212655433,
        0.20085413389207873,
        4.309945317577357
      ],
      "final_vel_mse_per_dim": [
        21056.378663713866,
        205.90877550646508,
        512044.0990454791
      ]
    },
    {
      "id": 200,
      "traj_len": 99,
      "traj_state_mse": 1946.5700084931786,
      "traj_pos_mse": 3.1281563684620393,
      "traj_vel_mse": 3890.0118606178958,
      "traj_pos_mse_per_dim": [
        2.7999420600443163,
        3.2886469686223507,
        3.295880076719454
      ],
      "traj_vel_mse_per_dim": [
        122.7491056290284,
        0.0935044887820977,
        11547.192971735874
      ],
      "final_state_mse": 5884.964658477184,
      "final_pos_mse": 6.058037746414108,
      "final_vel_mse": 11763.871279207953,
      "final_pos_mse_per_dim": [
        4.002161811858612,
        14.162470898817194,
        0.009480528566517035
      ],
      "final_vel_mse_per_dim": [
        220.37082677124315,
        0.05167448219663608,
        35071.19133637042
      ]
    },
    {
      "id": 474,
      "traj_len": 99,
      "traj_state_mse": 73315.27974578025,
      "traj_pos_mse": 1.2613930372785025,
      "traj_vel_mse": 146629.29809852326,
      "traj_pos_mse_per_dim": [
        0.14394656758535834,
        0.21246312363799927,
        3.4277694206121496
      ],
      "traj_vel_mse_per_dim": [
        0.01360778057352636,
        0.03460880866137089,
        439887.8460789805
      ],
      "final_state_mse": 255734.970177118,
      "final_pos_mse": 2.4882485476800897,
      "final_vel_mse": 511467.45210568834,
      "final_pos_mse_per_dim": [
        0.24364864215069074,
        0.8291794628345057,
        6.391917538055073
      ],
      "final_vel_mse_per_dim": [
        0.0014398240665393718,
        0.03529985599768065,
        1534402.319577385
      ]
    },
    {
      "id": 188,
      "traj_len": 99,
      "traj_state_mse": 71115.32836869109,
      "traj_pos_mse": 1.2609478382590333,
      "traj_vel_mse": 142229.39578954395,
      "traj_pos_mse_per_dim": [
        0.1480559496832918,
        0.1867734943970369,
        3.4480140706967695
      ],
      "traj_vel_mse_per_dim": [
        0.014575517069591764,
        0.03399229885086496,
        426688.1388008158
      ],
      "final_state_mse": 249855.83529107986,
      "final_pos_mse": 1.6730162549113377,
      "final_vel_mse": 499709.99756590487,
      "final_pos_mse_per_dim": [
        0.2524088014635496,
        0.7387251161586486,
        4.0279148471118145
      ],
      "final_vel_mse_per_dim": [
        0.010200015253370616,
        0.03282237392953984,
        1499129.9496753253
      ]
    },
    {
      "id": 560,
      "traj_len": 99,
      "traj_state_mse": 28.683298185839636,
      "traj_pos_mse": 8.130252211063555,
      "traj_vel_mse": 49.23634416061571,
      "traj_pos_mse_per_dim": [
        2.9690336041535614,
        18.2987588502111,
        3.122964178826006
      ],
      "traj_vel_mse_per_dim": [
        65.19687194499012,
        0.03915380928994491,
        82.47300672756701
      ],
      "final_state_mse": 86.59834464134555,
      "final_pos_mse": 19.49181727220815,
      "final_vel_mse": 153.70487201048294,
      "final_pos_mse_per_dim": [
        9.474979197065377,
        48.03098690186721,
        0.9694857176918621
      ],
      "final_vel_mse_per_dim": [
        138.4090141075914,
        0.0747520331322138,
        322.63084989072524
      ]
    },
    {
      "id": 432,
      "traj_len": 99,
      "traj_state_mse": 1737.0671316714809,
      "traj_pos_mse": 1.0667050997525864,
      "traj_vel_mse": 3473.0675582432077,
      "traj_pos_mse_per_dim": [
        0.19159762804680705,
        0.011733116144095772,
        2.9967845550668564
      ],
      "traj_vel_mse_per_dim": [
        149.91211500257913,
        0.10298812018657366,
        10269.187571606857
      ],
      "final_state_mse": 5137.4675348212195,
      "final_pos_mse": 0.2688968346465194,
      "final_vel_mse": 10274.666172807794,
      "final_pos_mse_per_dim": [
        0.5286031703727123,
        0.0005704525071791149,
        0.27751688105966676
      ],
      "final_vel_mse_per_dim": [
        291.81890805731916,
        0.06355536409098685,
        30532.11605500197
      ]
    },
    {
      "id": 316,
      "traj_len": 99,
      "traj_state_mse": 1746.1945966505564,
      "traj_pos_mse": 1.5048519009410313,