{
  "experiment_dir": "experiments/control_adapter/20251211_093826",
  "config_path": "experiments/control_adapter/20251211_093826/config.json",
  "checkpoint_path": "experiments/control_adapter/20251211_093826/best.pt",
  "device": "cuda",
  "eval_run_name": "20251211_151436",
  "eval_config": {
    "num_eval_trajs_requested": 20,
    "num_eval_trajs_evaluated": 20,
    "random_select": false,
    "seed": null,
    "selected_ids": [
      232,
      765,
      974,
      200,
      474,
      188,
      560,
      432,
      316,
      568,
      222,
      716,
      120,
      802,
      172,
      207,
      372,
      963,
      537,
      203
    ],
    "evaluated_ids": [
      232,
      765,
      974,
      200,
      474,
      188,
      560,
      432,
      316,
      568,
      222,
      716,
      120,
      802,
      172,
      207,
      372,
      963,
      537,
      203
    ]
  },
  "metrics": {
    "avg_traj_state_mse": 7.456890979314132,
    "avg_traj_pos_mse": 6.018138941435994,
    "avg_traj_vel_mse": 8.895643017192272,
    "avg_final_state_mse": 28.938908436886788,
    "avg_final_pos_mse": 28.8201610989982,
    "avg_final_vel_mse": 29.057655774775377
  },
  "speed": {
    "steps": 1000,
    "total_time_sec": 1.6355042071081698,
    "time_per_step_sec": 0.0016355042071081699,
    "steps_per_sec": 611.4322394609784
  },
  "per_trajectory": [
    {
      "id": 232,
      "traj_len": 99,
      "traj_state_mse": 5.179309289475666,
      "traj_pos_mse": 1.0802200568753697,
      "traj_vel_mse": 9.27839852207596,
      "traj_pos_mse_per_dim": [
        0.06482177176107358,
        0.16915047384289256,
        3.006687925022142
      ],
      "traj_vel_mse_per_dim": [
        3.5858085354482148,
        0.01631014976950732,
        24.233076881010163
      ],
      "final_state_mse": 16.923960286802373,
      "final_pos_mse": 2.968534588907725,
      "final_vel_mse": 30.879385984697024,
      "final_pos_mse_per_dim": [
        0.017252763625393037,
        0.5119642896214223,
        8.376386713476359
      ],
      "final_vel_mse_per_dim": [
        12.143934615776553,
        0.053932382246806215,
        80.44029095606771
      ]
    },
    {
      "id": 765,
      "traj_len": 99,
      "traj_state_mse": 10.101600717677659,
      "traj_pos_mse": 10.693577907703732,
      "traj_vel_mse": 9.509623527651586,
      "traj_pos_mse_per_dim": [
        30.097417474272966,
        1.0762414008676986,
        0.9070748479705325
      ],
      "traj_vel_mse_per_dim": [
        2.5478842085880613,
        0.016737800177551963,
        25.964248574189146
      ],
      "final_state_mse": 47.29586866159732,
      "final_pos_mse": 63.0734860616547,
      "final_vel_mse": 31.518251261539945,
      "final_pos_mse_per_dim": [
        179.50183096397177,
        7.8833076496909085,
        1.8353195713013886
      ],
      "final_vel_mse_per_dim": [
        10.1156478336996,
        0.04261770490928411,
        84.39648824601095
      ]
    },
    {
      "id": 974,
      "traj_len": 99,
      "traj_state_mse": 4.965358413609403,
      "traj_pos_mse": 1.095839040251755,
      "traj_vel_mse": 8.83487778696705,
      "traj_pos_mse_per_dim": [
        0.26799214567235,
        0.09581680699329194,
        2.923708168089623
      ],
      "traj_vel_mse_per_dim": [
        3.283025500185455,
        0.01223507863191141,
        23.20937278208379
      ],
      "final_state_mse": 15.658607001246098,
      "final_pos_mse": 2.0939265769262243,
      "final_vel_mse": 29.223287425565974,
      "final_pos_mse_per_dim": [
        0.6994450650738157,
        0.013234635455809116,
        5.569100030249047
      ],
      "final_vel_mse_per_dim": [
        11.176676903398377,
        0.04304139591899461,
        76.45014397738055
      ]
    },
    {
      "id": 200,
      "traj_len": 99,
      "traj_state_mse": 6.544489838774951,
      "traj_pos_mse": 3.6233200409201607,
      "traj_vel_mse": 9.465659636629741,
      "traj_pos_mse_per_dim": [
        3.3228491742338884,
        4.527801407544694,
        3.0193095409819004
      ],
      "traj_vel_mse_per_dim": [
        2.041201593053703,
        0.024740240685709392,
        26.331037076149812
      ],
      "final_state_mse": 19.606908954506995,
      "final_pos_mse": 8.465621495163267,
      "final_vel_mse": 30.748196413850724,
      "final_pos_mse_per_dim": [
        5.13769986747354,
        19.841966865115694,
        0.41719775290056915
      ],
      "final_vel_mse_per_dim": [
        8.457734257714222,
        0.06946313132885325,
        83.7173918525091
      ]
    },
    {
      "id": 474,
      "traj_len": 99,
      "traj_state_mse": 4.975347674429437,
      "traj_pos_mse": 1.1068605589721046,
      "traj_vel_mse": 8.84383478988677,
      "traj_pos_mse_per_dim": [
        0.28171871446258756,
        0.12396208863145255,
        2.9149008738222735
      ],
      "traj_vel_mse_per_dim": [
        3.271180551517665,
        0.010870213251887927,
        23.249453604890757
      ],
      "final_state_mse": 16.079608905159365,
      "final_pos_mse": 1.9538971582799245,
      "final_vel_mse": 30.205320652038807,
      "final_pos_mse_per_dim": [
        0.7621395037703522,
        0.07404268092635045,
        5.025509290143071
      ],
      "final_vel_mse_per_dim": [
        11.542162452624549,
        0.04172375673829102,
        79.03207574675358
      ]
    },
    {
      "id": 188,
      "traj_len": 99,
      "traj_state_mse": 4.987807961073926,
      "traj_pos_mse": 1.103289220016265,
      "traj_vel_mse": 8.872326702131591,
      "traj_pos_mse_per_dim": [
        0.2753028548807376,
        0.11928424702937199,
        2.915280558138683
      ],
      "traj_vel_mse_per_dim": [
        3.290813659860996,
        0.011019984582290787,
        23.315146461951482
      ],
      "final_state_mse": 16.201962646691072,
      "final_pos_mse": 2.0402072074532698,
      "final_vel_mse": 30.363718085928877,
      "final_pos_mse_per_dim": [
        0.7662701732742551,
        0.06284115726663857,
        5.291510291818915
      ],
      "final_vel_mse_per_dim": [
        11.628503131512751,
        0.042357172916230645,
        79.42029395335764
      ]
    },
    {
      "id": 560,
      "traj_len": 99,
      "traj_state_mse": 10.519862684351066,
      "traj_pos_mse": 11.479587853268455,
      "traj_vel_mse": 9.560137515433679,
      "traj_pos_mse_per_dim": [
        33.15679740475679,
        0.29845469801091756,
        0.9835114570376674
      ],
      "traj_vel_mse_per_dim": [
        2.7016837144485617,
        0.016894118749702678,
        25.96183471310278
      ],
      "final_state_mse": 48.870716461031236,
      "final_pos_mse": 65.95892609586572,
      "final_vel_mse": 31.782506826196762,
      "final_pos_mse_per_dim": [
        195.01448790032376,
        1.156974569225528,
        1.7053158180478725
      ],
      "final_vel_mse_per_dim": [
        10.804253307700089,
        0.0430779777968606,
        84.50018919309333
      ]
    },
    {
      "id": 432,
      "traj_len": 99,
      "traj_state_mse": 4.532709431947189,
      "traj_pos_mse": 1.13538447132405,
      "traj_vel_mse": 7.9300343925703265,
      "traj_pos_mse_per_dim": [
        0.307795503453222,
        0.19025508437469407,
        2.908102826144233
      ],
      "traj_vel_mse_per_dim": [
        2.8238972152700947,
        0.014596052810192862,
        20.951609909630694
      ],
      "final_state_mse": 12.26964686312317,
      "final_pos_mse": 0.30220600171105416,
      "final_vel_mse": 24.237087724535286,
      "final_pos_mse_per_dim": [
        0.3891996340990102,
        0.013591218296592607,
        0.5038271527375597
      ],
      "final_vel_mse_per_dim": [
        9.031302351177017,
        0.04369650474256915,
        63.63626431768627
      ]
    },
    {
      "id": 316,
      "traj_len": 99,
      "traj_state_mse": 4.902811656018619,
      "traj_pos_mse": 1.6949277624625223,