{
  "experiment_dir": "experiments/direct_no_adapter/20251216_005254",
  "config_path": "experiments/direct_no_adapter/20251216_005254/config.json",
  "checkpoint_path": "experiments/direct_no_adapter/20251216_005254/best.pt",
  "device": "cuda",
  "eval_run_name": "20251216_100458",
  "eval_config": {
    "num_eval_trajs_requested": 20,
    "num_eval_trajs_evaluated": 20,
    "random_select": false,
    "seed": null,
    "selected_ids": [
      232,
      765,
      974,
      200,
      474,
      188,
      560,
      432,
      316,
      568,
      222,
      716,
      120,
      802,
      172,
      207,
      372,
      963,
      537,
      203
    ],
    "evaluated_ids": [
      232,
      765,
      974,
      200,
      474,
      188,
      560,
      432,
      316,
      568,
      222,
      716,
      120,
      802,
      172,
      207,
      372,
      963,
      537,
      203
    ]
  },
  "metrics": {
    "avg_traj_state_mse": 0.06406653680322141,
    "avg_traj_pos_mse": 0.11626299694496338,
    "avg_traj_vel_mse": 0.011870076661479465,
    "avg_final_state_mse": 0.09885474786350493,
    "avg_final_pos_mse": 0.18739727717669358,
    "avg_final_vel_mse": 0.010312218550316245
  },
  "speed": {
    "steps": 1000,
    "total_time_sec": 0.44130413606762886,
    "time_per_step_sec": 0.00044130413606762885,
    "steps_per_sec": 2266.010939554739
  },
  "per_trajectory": [
    {
      "id": 232,
      "traj_len": 99,
      "traj_state_mse": 0.0004267606984824691,
      "traj_pos_mse": 0.0008264901334810757,
      "traj_vel_mse": 2.7031263483862345e-05,
      "traj_pos_mse_per_dim": [
        0.0022386078350505644,
        1.2667432282017839e-05,
        0.00022819513311064546
      ],
      "traj_vel_mse_per_dim": [
        7.176280492524417e-05,
        6.948642478201945e-07,
        8.636121278522657e-06
      ],
      "final_state_mse": 0.0012706831088040037,
      "final_pos_mse": 0.0025077463813128176,
      "final_vel_mse": 3.361983629518944e-05,
      "final_pos_mse_per_dim": [
        0.006768565015805817,
        3.24816708183005e-05,
        0.0007221924573143346
      ],
      "final_vel_mse_per_dim": [
        8.579424368829768e-05,
        9.815967211278782e-07,
        1.4083668476142774e-05
      ]
    },
    {
      "id": 765,
      "traj_len": 99,
      "traj_state_mse": 0.02533615823313003,
      "traj_pos_mse": 0.04888458973605394,
      "traj_vel_mse": 0.0017877267302061212,
      "traj_pos_mse_per_dim": [
        0.03295919748786543,
        0.06199761873965132,
        0.05169695298064508
      ],
      "traj_vel_mse_per_dim": [
        0.0033829430349776295,
        5.688306045445006e-05,
        0.0019233540951862833
      ],
      "final_state_mse": 0.06959708064696479,
      "final_pos_mse": 0.13891272727497306,
      "final_vel_mse": 0.00028143401895653567,
      "final_pos_mse_per_dim": [
        0.1905141675426966,
        0.11686881279665383,
        0.10935520148556874
      ],
      "final_vel_mse_per_dim": [
        1.874162017742388e-05,
        2.3224967753635207e-05,
        0.000802335468938548
      ]
    },
    {
      "id": 974,
      "traj_len": 99,
      "traj_state_mse": 0.0024894582618431877,
      "traj_pos_mse": 0.004774693700024505,
      "traj_vel_mse": 0.00020422282366186947,
      "traj_pos_mse_per_dim": [
        8.155300262722599e-05,
        0.0030243532155910463,
        0.011218174881855246
      ],
      "traj_vel_mse_per_dim": [
        0.00010578203387231962,
        1.321322530260418e-05,
        0.0004936732118106848
      ],
      "final_state_mse": 0.00913743439523449,
      "final_pos_mse": 0.017642724537270848,
      "final_vel_mse": 0.000632144253198132,
      "final_pos_mse_per_dim": [
        0.00019853833331256323,
        0.013260648310354157,
        0.039468986968145825
      ],
      "final_vel_mse_per_dim": [
        0.0004561234109948056,
        3.639269326582728e-05,
        0.0014039166553337632
      ]
    },
    {
      "id": 200,
      "traj_len": 99,
      "traj_state_mse": 0.0028785160611059335,
      "traj_pos_mse": 0.005108364686582111,
      "traj_vel_mse": 0.0006486674356297566,
      "traj_pos_mse_per_dim": [
        0.005757941442786878,
        0.007589847569818404,
        0.001977305047141051
      ],
      "traj_vel_mse_per_dim": [
        0.001676683336300572,
        6.30466372947837e-06,
        0.00026301430685921984
      ],
      "final_state_mse": 0.0034414493472784604,
      "final_pos_mse": 0.006348102693483862,
      "final_vel_mse": 0.0005347960010730593,
      "final_pos_mse_per_dim": [
        0.0023595721061984787,
        0.012134536202100981,
        0.004550199772152126
      ],
      "final_vel_mse_per_dim": [
        0.0013453261016115037,
        5.933323719951384e-06,
        0.0002531285778877229
      ]
    },
    {
      "id": 474,
      "traj_len": 99,
      "traj_state_mse": 0.0015793258029251258,
      "traj_pos_mse": 0.002956260896317161,
      "traj_vel_mse": 0.00020239070953309197,
      "traj_pos_mse_per_dim": [
        0.00033219699090880134,
        0.0019212006716409545,
        0.006615385026401724
      ],
      "traj_vel_mse_per_dim": [
        0.00013697987674324896,
        1.101545281027735e-05,
        0.00045917679904574954
      ],
      "final_state_mse": 0.006718528047034117,
      "final_pos_mse": 0.013177077074558508,
      "final_vel_mse": 0.00025997901950972497,
      "final_pos_mse_per_dim": [
        0.0031101876309310166,
        0.008630019895568976,
        0.027791023697175534
      ],
      "final_vel_mse_per_dim": [
        0.00022129970905684714,
        1.3871527267582e-05,
        0.0005447658222047458
      ]
    },
    {
      "id": 188,
      "traj_len": 99,
      "traj_state_mse": 0.0003693468071232552,
      "traj_pos_mse": 0.0006357711126213617,
      "traj_vel_mse": 0.00010292250162514853,
      "traj_pos_mse_per_dim": [
        0.0003166616673172993,
        0.00020579425061906576,
        0.0013848574199277202
      ],
      "traj_vel_mse_per_dim": [
        7.936282978224853e-05,
        5.48317370177644e-06,
        0.00022392150139142057
      ],
      "final_state_mse": 0.0016128306545690142,
      "final_pos_mse": 0.0031814071876673836,
      "final_vel_mse": 4.425412147064483e-05,
      "final_pos_mse_per_dim": [
        0.0016378310666088692,
        0.0011576113318640636,
        0.006748779164529217
      ],
      "final_vel_mse_per_dim": [
        1.9008473384536504e-05,
        2.206209478424062e-06,
        0.00011154768154897392
      ]
    },
    {
      "id": 560,
      "traj_len": 99,
      "traj_state_mse": 0.07404408282037434,
      "traj_pos_mse": 0.14149872813339434,
      "traj_vel_mse": 0.00658943750735431,
      "traj_pos_mse_per_dim": [
        0.015117573282752149,
        0.23546799233416443,
        0.17391061878326644
      ],
      "traj_vel_mse_per_dim": [
        0.010805080656209899,
        0.00023985980616796472,
        0.008723372059685059
      ],
      "final_state_mse": 0.30068193197273074,
      "final_pos_mse": 0.5987559688896488,
      "final_vel_mse": 0.0026078950558126347,
      "final_pos_mse_per_dim": [
        0.04172615005249775,
        1.1057739257727706,
        0.6487678308436782
      ],
      "final_vel_mse_per_dim": [
        0.0027186524456037156,
        0.00013454229343104495,
        0.004970490428403144
      ]
    },
    {
      "id": 432,
      "traj_len": 99,
      "traj_state_mse": 0.014198971728199079,
      "traj_pos_mse": 0.026658636579731644,
      "traj_vel_mse": 0.0017393068766665127,
      "traj_pos_mse_per_dim": [
        0.003734137205566991,
        0.020120729969961795,
        0.05612104256366615
      ],
      "traj_vel_mse_per_dim": [
        0.0012606531998248323,
        0.0001179274928590585,
        0.003839339937315648
      ],
      "final_state_mse": 0.02165006932475422,
      "final_pos_mse": 0.04329550214882926,
      "final_vel_mse": 4.636500679178856e-06,