{
  "input": {
    "mean": [
      -0.0025329257040264826,
      0.0006583519042302606,
      0.003987516019237825,
      -0.009582295054639223,
      0.0011085675176267008
    ],
    "std": [
      0.23806737852353058,
      0.04096264555377683,
      0.2531331997536438,
      0.5780991190627908,
      0.5775344537638297
    ]
  },
  "target": {
    "mean": [
      -0.0025667577682497726,
      0.0006606790726837846,
      0.004023301213349997
    ],
    "std": [
      0.2389874715511059,
      0.04115517009654623,
      0.2542688079962447
    ]
  }
}