{
  "input": {
    "mean": [
      -0.002167067923180489,
      0.0005226489078665716,
      0.0031970054864629196,
      -0.008947232064537874,
      0.003820654760198569
    ],
    "std": [
      0.2393431753124022,
      0.04106957087772035,
      0.2540616814350735,
      0.5787791995642678,
      0.5768682325225228
    ]
  },
  "target": {
    "mean": [
      -0.0021944460933718676,
      0.0005236067297667663,
      0.0032245291221131714
    ],
    "std": [
      0.24025725442790305,
      0.04126151741860253,
      0.2551942753164455
    ]
  }
}