experiment,model_type,description,run_dir,eval_run,avg_traj_state_mse,avg_traj_pos_mse,avg_traj_vel_mse,avg_final_state_mse,avg_final_pos_mse,avg_final_vel_mse,steps_per_sec
control_adapter,structured,"Plant + control adapter only (no friction scaler, no residual)",experiments/control_adapter/20251211_093826,20251211_151436,7.456890979314132,6.018138941435994,8.895643017192272,28.938908436886788,28.8201610989982,29.057655774775377,611.4322394609784
direct,direct,Direct dynamics MLP with learned control adapter (no analytic plant),experiments/direct/20251211_093829/,20251211_151503,0.6228118918630637,1.1916866316819255,0.05393715204420185,1.3387039707557162,2.6065709445133036,0.07083699699812926,1211.7041905892868
structured,structured,Plant + control adapter + friction scaler + residual dynamics (full structured model),experiments/structured/20251211_093840,20251211_151522,198.0686414643132,0.3848149749855537,395.7524679536408,1150.1395013707772,1.307319328143453,2298.971683413411,539.102106286637
structured_adapter_only,structured,Plant + control adapter only (0.1s adapter-only structured variant),experiments/structured_adapter_only/20251211_093833/,20251211_151548,7.456890979314132,6.018138941435994,8.895643017192272,28.938908436886788,28.8201610989982,29.057655774775377,616.4104525103861
structured_friction_only,structured,Plant + control adapter + learned friction scaler (no residual),experiments/structured_friction_only/20251211_093838/,20251211_151614,5.095516545736627,1.3987973637122688,8.792235727760985,16.2456137955955,2.2856850948598346,30.205542496331155,575.7745785406111
structured_minimal,structured,"Plant + residual dynamics only (no control adapter, no friction scaler)",experiments/structured_minimal/20251211_093846/,20251211_151637,84685.1275097087,8.658941073740914,169361.59607834366,302912.4428885821,7.558830796694788,605817.3269463677,721.4315920975262
structured_residual_only,structured,Plant + control adapter + residual dynamics (no friction scaler),experiments/structured_residual_only/20251211_093844/,20251211_151706,0.7199697721139956,0.4588768147848591,0.9810627294431324,1.2267831185196125,0.9439374528549745,1.50962878418425,581.3937608112643
