{
  "experiment_dir": "experiments/structured/20251211_093840",
  "config_path": "experiments/structured/20251211_093840/config.json",
  "checkpoint_path": "experiments/structured/20251211_093840/best.pt",
  "device": "cuda",
  "eval_run_name": "20251211_151522",
  "eval_config": {
    "num_eval_trajs_requested": 20,
    "num_eval_trajs_evaluated": 20,
    "random_select": false,
    "seed": null,
    "selected_ids": [
      232,
      765,
      974,
      200,
      474,
      188,
      560,
      432,
      316,
      568,
      222,
      716,
      120,
      802,
      172,
      207,
      372,
      963,
      537,
      203
    ],
    "evaluated_ids": [
      232,
      765,
      974,
      200,
      474,
      188,
      560,
      432,
      316,
      568,
      222,
      716,
      120,
      802,
      172,
      207,
      372,
      963,
      537,
      203
    ]
  },
  "metrics": {
    "avg_traj_state_mse": 198.0686414643132,
    "avg_traj_pos_mse": 0.3848149749855537,
    "avg_traj_vel_mse": 395.7524679536408,
    "avg_final_state_mse": 1150.1395013707772,
    "avg_final_pos_mse": 1.307319328143453,
    "avg_final_vel_mse": 2298.971683413411
  },
  "speed": {
    "steps": 1000,
    "total_time_sec": 1.8549361769109964,
    "time_per_step_sec": 0.0018549361769109964,
    "steps_per_sec": 539.102106286637
  },
  "per_trajectory": [
    {
      "id": 232,
      "traj_len": 99,
      "traj_state_mse": 5.474169921699429e-05,
      "traj_pos_mse": 9.485039445899177e-05,
      "traj_vel_mse": 1.4633003974996802e-05,
      "traj_pos_mse_per_dim": [
        0.00025507913716654577,
        3.699648873284099e-07,
        2.9102081323101126e-05
      ],
      "traj_vel_mse_per_dim": [
        3.631908323618625e-05,
        1.297371424729193e-07,
        7.450191546331229e-06
      ],
      "final_state_mse": 9.064909968756157e-05,
      "final_pos_mse": 0.0001727043301511562,
      "final_vel_mse": 8.593869223966937e-06,
      "final_pos_mse_per_dim": [
        0.0004723940878803349,
        8.877519312536507e-08,
        4.563012738000833e-05
      ],
      "final_vel_mse_per_dim": [
        2.3981987118557426e-05,
        3.94876150365317e-08,
        1.760132938306853e-06
      ]
    },
    {
      "id": 765,
      "traj_len": 99,
      "traj_state_mse": 0.8346608404856424,
      "traj_pos_mse": 1.6268088422086482,
      "traj_vel_mse": 0.042512838762636514,
      "traj_pos_mse_per_dim": [
        1.7788843924209754,
        0.25409376581106385,
        2.847448368393905
      ],
      "traj_vel_mse_per_dim": [
        0.0043459566845210065,
        0.0037649028317716807,
        0.1194276567716169
      ],
      "final_state_mse": 3.1925364823632107,
      "final_pos_mse": 6.3205526638891305,
      "final_vel_mse": 0.06452030083729134,
      "final_pos_mse_per_dim": [
        7.774826928233866,
        1.6503557655338252,
        9.536475297899699
      ],
      "final_vel_mse_per_dim": [
        0.0015467121641175297,
        0.005576173273430379,
        0.1864380170743261
      ]
    },
    {
      "id": 974,
      "traj_len": 99,
      "traj_state_mse": 0.00020048801815154594,
      "traj_pos_mse": 0.00035148927902191193,
      "traj_vel_mse": 4.948675728118005e-05,
      "traj_pos_mse_per_dim": [
        0.00015918633453624955,
        0.00021215786077480816,
        0.0006831236417546779
      ],
      "traj_vel_mse_per_dim": [
        8.153786521654187e-05,
        1.4967430362922616e-06,
        6.542566359070599e-05
      ],
      "final_state_mse": 0.000800007265754893,
      "final_pos_mse": 0.0014152114644220915,
      "final_vel_mse": 0.00018480306708769433,
      "final_pos_mse_per_dim": [
        0.0001844042143394885,
        0.0011581495196022632,
        0.002903080659324523
      ],
      "final_vel_mse_per_dim": [
        0.0002189696118515193,
        9.807754712806152e-06,
        0.00032563183469875754
      ]
    },
    {
      "id": 200,
      "traj_len": 99,
      "traj_state_mse": 0.013199477698609146,
      "traj_pos_mse": 0.025309635714391408,
      "traj_vel_mse": 0.0010893196828268836,
      "traj_pos_mse_per_dim": [
        0.0416637059342471,
        0.01047238598437263,
        0.023792815224554495
      ],
      "traj_vel_mse_per_dim": [
        0.002095000358929657,
        2.7448074151240268e-05,
        0.0011455106153997541
      ],
      "final_state_mse": 0.05743855054733237,
      "final_pos_mse": 0.11415653299029543,
      "final_vel_mse": 0.0007205681043692922,
      "final_pos_mse_per_dim": [
        0.2635532276387666,
        0.0003308952350819394,
        0.07858547609703777
      ],
      "final_vel_mse_per_dim": [
        0.0001573502340202277,
        4.893900013190161e-05,
        0.001955415078955747
      ]
    },
    {
      "id": 474,
      "traj_len": 99,
      "traj_state_mse": 0.00024545108351351494,
      "traj_pos_mse": 0.00038543282238106814,
      "traj_vel_mse": 0.0001054693446459617,
      "traj_pos_mse_per_dim": [
        0.00037439712558291375,
        0.0003083487466408878,
        0.0004735525949194027
      ],
      "traj_vel_mse_per_dim": [
        0.0001229175119322246,
        5.818799929654329e-06,
        0.00018767172207600626
      ],
      "final_state_mse": 0.0009483162184044024,
      "final_pos_mse": 0.0018346403525980551,
      "final_vel_mse": 6.199208421074959e-05,
      "final_pos_mse_per_dim": [
        0.00083923864130695,
        0.002033040756589622,
        0.002631641659897594
      ],
      "final_vel_mse_per_dim": [
        0.00016635652303878296,
        5.9393450124453024e-06,
        1.3680384581020509e-05
      ]
    },
    {
      "id": 188,
      "traj_len": 99,
      "traj_state_mse": 0.0002644557243594656,
      "traj_pos_mse": 0.00042375260345551923,
      "traj_vel_mse": 0.00010515884526341208,
      "traj_pos_mse_per_dim": [
        0.00013745215454180127,
        0.0004677862174890389,
        0.0006660194383357177
      ],
      "traj_vel_mse_per_dim": [
        0.00010742533525303087,
        6.807078980185165e-06,
        0.00020124412155702028
      ],
      "final_state_mse": 0.0006412121653231644,
      "final_pos_mse": 0.001274778340695298,
      "final_vel_mse": 7.645989951031032e-06,
      "final_pos_mse_per_dim": [
        0.0003428910549229866,
        0.0020433988535189344,
        0.0014380451136439727
      ],
      "final_vel_mse_per_dim": [
        2.1923115936694107e-05,
        1.5297602814718937e-07,
        8.618778882517983e-07
      ]
    },
    {
      "id": 560,
      "traj_len": 99,
      "traj_state_mse": 0.33254595637063783,
      "traj_pos_mse": 0.642321513262375,
      "traj_vel_mse": 0.022770399478900458,
      "traj_pos_mse_per_dim": [
        0.5678838495549827,
        0.07985813350284776,
        1.2792225567292947
      ],
      "traj_vel_mse_per_dim": [
        0.00354059937416269,
        0.0019438180076424346,
        0.06282678105489625
      ],
      "final_state_mse": 1.473944395036639,
      "final_pos_mse": 2.9094253921956033,
      "final_vel_mse": 0.0384633978776744,
      "final_pos_mse_per_dim": [
        3.3138314174905434,
        0.3845662688621843,
        5.029878490234082
      ],
      "final_vel_mse_per_dim": [
        0.006136993446260313,
        0.0032249238729395594,
        0.10602827631382333
      ]
    },
    {
      "id": 432,
      "traj_len": 99,
      "traj_state_mse": 208.91347077146426,
      "traj_pos_mse": 0.21042607945859565,
      "traj_vel_mse": 417.61651546346997,
      "traj_pos_mse_per_dim": [
        0.027431108884910564,
        0.016857367776818667,
        0.5869897617140577
      ],
      "traj_vel_mse_per_dim": [
        18.195385063219394,
        0.004405514653042958,
        1234.649755812538
      ],
      "final_state_mse": 1399.898053400785,
      "final_pos_mse": 1.2272409878505486,
      "final_vel_mse": 2798.56886581372,