{
  "experiment_dir": "experiments/structured_residual_only/20251211_093844/",
  "config_path": "experiments/structured_residual_only/20251211_093844/config.json",
  "checkpoint_path": "experiments/structured_residual_only/20251211_093844/best.pt",
  "device": "cuda",
  "eval_run_name": "20251211_151706",
  "eval_config": {
    "num_eval_trajs_requested": 20,
    "num_eval_trajs_evaluated": 20,
    "random_select": false,
    "seed": null,
    "selected_ids": [
      232,
      765,
      974,
      200,
      474,
      188,
      560,
      432,
      316,
      568,
      222,
      716,
      120,
      802,
      172,
      207,
      372,
      963,
      537,
      203
    ],
    "evaluated_ids": [
      232,
      765,
      974,
      200,
      474,
      188,
      560,
      432,
      316,
      568,
      222,
      716,
      120,
      802,
      172,
      207,
      372,
      963,
      537,
      203
    ]
  },
  "metrics": {
    "avg_traj_state_mse": 0.7199697721139956,
    "avg_traj_pos_mse": 0.4588768147848591,
    "avg_traj_vel_mse": 0.9810627294431324,
    "avg_final_state_mse": 1.2267831185196125,
    "avg_final_pos_mse": 0.9439374528549745,
    "avg_final_vel_mse": 1.50962878418425
  },
  "speed": {
    "steps": 1000,
    "total_time_sec": 1.720004698028788,
    "time_per_step_sec": 0.001720004698028788,
    "steps_per_sec": 581.3937608112643
  },
  "per_trajectory": [
    {
      "id": 232,
      "traj_len": 99,
      "traj_state_mse": 0.000931533383583608,
      "traj_pos_mse": 0.0018004376200571558,
      "traj_vel_mse": 6.262914711005999e-05,
      "traj_pos_mse_per_dim": [
        0.004798571439903457,
        2.388868728537007e-05,
        0.0005788527329826398
      ],
      "traj_vel_mse_per_dim": [
        0.00016715130492531556,
        1.1650051673388617e-06,
        1.9571131237525465e-05
      ],
      "final_state_mse": 0.002798792111035392,
      "final_pos_mse": 0.0055339519170330325,
      "final_vel_mse": 6.363230503775037e-05,
      "final_pos_mse_per_dim": [
        0.014763004179154578,
        6.364182594552195e-05,
        0.0017752097459989972
      ],
      "final_vel_mse_per_dim": [
        0.0001683059908856196,
        1.349303213908724e-06,
        2.1241621013722775e-05
      ]
    },
    {
      "id": 765,
      "traj_len": 99,
      "traj_state_mse": 0.07280864945735577,
      "traj_pos_mse": 0.1264291785254384,
      "traj_vel_mse": 0.019188120389273113,
      "traj_pos_mse_per_dim": [
        0.043175404802227035,
        0.21519938180789283,
        0.12091274896619535
      ],
      "traj_vel_mse_per_dim": [
        0.004735597771911486,
        0.001416540038736533,
        0.05141222335717132
      ],
      "final_state_mse": 0.21925274785297674,
      "final_pos_mse": 0.34847336507343113,
      "final_vel_mse": 0.09003213063252234,
      "final_pos_mse_per_dim": [
        0.02338320292898024,
        0.3257536985252724,
        0.6962831937660408
      ],
      "final_vel_mse_per_dim": [
        0.00041868087398014064,
        0.006887229781318483,
        0.2627904812422684
      ]
    },
    {
      "id": 974,
      "traj_len": 99,
      "traj_state_mse": 0.7477758023223829,
      "traj_pos_mse": 1.3745168017749632,
      "traj_vel_mse": 0.12103480286980285,
      "traj_pos_mse_per_dim": [
        0.4693076259118977,
        1.3591643216600735,
        2.295078457752918
      ],
      "traj_vel_mse_per_dim": [
        0.21710393744983256,
        0.003010654374059523,
        0.14298981678551656
      ],
      "final_state_mse": 2.2509054053937287,
      "final_pos_mse": 4.335157015264438,
      "final_vel_mse": 0.16665379552301948,
      "final_pos_mse_per_dim": [
        2.2318166288067,
        1.020895093526685,
        9.752759323459928
      ],
      "final_vel_mse_per_dim": [
        0.2926962523686116,
        0.004120744579203552,
        0.20314438962124337
      ]
    },
    {
      "id": 200,
      "traj_len": 99,
      "traj_state_mse": 0.43003407570582186,
      "traj_pos_mse": 0.8143574367093795,
      "traj_vel_mse": 0.04571071470226394,
      "traj_pos_mse_per_dim": [
        0.9262144999831221,
        1.4804177303101012,
        0.03644007983491552
      ],
      "traj_vel_mse_per_dim": [
        0.1320943130779651,
        0.00011698051526380219,
        0.0049208505135629665
      ],
      "final_state_mse": 1.2875632106090398,
      "final_pos_mse": 2.5316759502404476,
      "final_vel_mse": 0.043450470977632265,
      "final_pos_mse_per_dim": [
        0.9840219202203633,
        6.436737185764384,
        0.174268744736595
      ],
      "final_vel_mse_per_dim": [
        0.12788159875248542,
        6.598379910605225e-05,
        0.0024038303813053116
      ]
    },
    {
      "id": 474,
      "traj_len": 99,
      "traj_state_mse": 0.1882227437813764,
      "traj_pos_mse": 0.34069980122392496,
      "traj_vel_mse": 0.03574568633882782,
      "traj_pos_mse_per_dim": [
        0.12096776025032849,
        0.5356736686694346,
        0.36545797475201175
      ],
      "traj_vel_mse_per_dim": [
        0.05905632793127505,
        0.0013390604681181742,
        0.04684167061709019
      ],
      "final_state_mse": 0.4388479526415705,
      "final_pos_mse": 0.8758433526685515,
      "final_vel_mse": 0.001852552614589622,
      "final_pos_mse_per_dim": [
        0.06008161737929582,
        1.4181439073121522,
        1.149304533314207
      ],
      "final_vel_mse_per_dim": [
        0.0034973607931460065,
        6.269144837140615e-05,
        0.0019976056022514535
      ]
    },
    {
      "id": 188,
      "traj_len": 99,
      "traj_state_mse": 0.5513526238456968,
      "traj_pos_mse": 0.8360217466226387,
      "traj_vel_mse": 0.2666835010687548,
      "traj_pos_mse_per_dim": [
        0.25481773699523536,
        0.5933790837521922,
        1.6598684191204882
      ],
      "traj_vel_mse_per_dim": [
        0.10117952187475346,
        0.005734171521909714,
        0.6931368098096011
      ],
      "final_state_mse": 0.9765255047175089,
      "final_pos_mse": 1.9276420102771639,
      "final_vel_mse": 0.025408999157853576,
      "final_pos_mse_per_dim": [
        1.7449866123567497,
        0.3092325876177124,
        3.72870683085703
      ],
      "final_vel_mse_per_dim": [
        0.011707046981084763,
        0.0005011534284321233,
        0.06401879706404384
      ]
    },
    {
      "id": 560,
      "traj_len": 99,
      "traj_state_mse": 0.02989326180040159,
      "traj_pos_mse": 0.05468716860244173,
      "traj_vel_mse": 0.005099354998361453,
      "traj_pos_mse_per_dim": [
        0.026348863476120303,
        0.08759432722813426,
        0.05011831510307065
      ],
      "traj_vel_mse_per_dim": [
        0.0030777582242090145,
        0.0003443990808470854,
        0.011875907690028257
      ],
      "final_state_mse": 0.05051070883359208,
      "final_pos_mse": 0.08597271448390138,
      "final_vel_mse": 0.01504870318328279,
      "final_pos_mse_per_dim": [
        0.05919479826506549,
        0.139273332568009,
        0.059450012618629686
      ],
      "final_vel_mse_per_dim": [
        0.002204058744783437,
        0.0011546347958786907,
        0.04178741600918624
      ]
    },
    {
      "id": 432,
      "traj_len": 99,
      "traj_state_mse": 0.0006819159456784203,
      "traj_pos_mse": 0.0013008145084384948,
      "traj_vel_mse": 6.301738291834571e-05,
      "traj_pos_mse_per_dim": [
        0.002293485305936704,
        6.0820028606727336e-05,
        0.0015481381907720537
      ],
      "traj_vel_mse_per_dim": [
        8.702052810309774e-05,
        1.009784303084971e-06,
        0.00010102183634885445
      ],
      "final_state_mse": 0.0021268680477848864,
      "final_pos_mse": 0.004197438033261019,
      "final_vel_mse": 5.629806230875384e-05,
      "final_pos_mse_per_dim": [
        0.006526645036866161,
        0.0003875320938663731,
        0.005678136969050523
      ],