{
  "experiment_dir": "experiments/structured_friction_only/20251211_093838/",
  "config_path": "experiments/structured_friction_only/20251211_093838/config.json",
  "checkpoint_path": "experiments/structured_friction_only/20251211_093838/best.pt",
  "device": "cuda",
  "eval_run_name": "20251211_151614",
  "eval_config": {
    "num_eval_trajs_requested": 20,
    "num_eval_trajs_evaluated": 20,
    "random_select": false,
    "seed": null,
    "selected_ids": [
      232,
      765,
      974,
      200,
      474,
      188,
      560,
      432,
      316,
      568,
      222,
      716,
      120,
      802,
      172,
      207,
      372,
      963,
      537,
      203
    ],
    "evaluated_ids": [
      232,
      765,
      974,
      200,
      474,
      188,
      560,
      432,
      316,
      568,
      222,
      716,
      120,
      802,
      172,
      207,
      372,
      963,
      537,
      203
    ]
  },
  "metrics": {
    "avg_traj_state_mse": 5.095516545736627,
    "avg_traj_pos_mse": 1.3987973637122688,
    "avg_traj_vel_mse": 8.792235727760985,
    "avg_final_state_mse": 16.2456137955955,
    "avg_final_pos_mse": 2.2856850948598346,
    "avg_final_vel_mse": 30.205542496331155
  },
  "speed": {
    "steps": 1000,
    "total_time_sec": 1.736790815833956,
    "time_per_step_sec": 0.001736790815833956,
    "steps_per_sec": 575.7745785406111
  },
  "per_trajectory": [
    {
      "id": 232,
      "traj_len": 99,
      "traj_state_mse": 5.174018635977955,
      "traj_pos_mse": 1.07625094353039,
      "traj_vel_mse": 9.27178632842552,
      "traj_pos_mse_per_dim": [
        0.06477278776453557,
        0.16860870489239785,
        2.995371337934237
      ],
      "traj_vel_mse_per_dim": [
        3.5835159555379708,
        0.016298242648326973,
        24.215544787090263
      ],
      "final_state_mse": 17.317491033164746,
      "final_pos_mse": 3.133491263879273,
      "final_vel_mse": 31.50149080245022,
      "final_pos_mse_per_dim": [
        0.010081737826459406,
        0.5213822039762335,
        8.869009849835125
      ],
      "final_vel_mse_per_dim": [
        12.390621274860951,
        0.05500362993213211,
        82.05884750255758
      ]
    },
    {
      "id": 765,
      "traj_len": 99,
      "traj_state_mse": 6.544011079842345,
      "traj_pos_mse": 2.108842921901682,
      "traj_vel_mse": 10.979179237783008,
      "traj_pos_mse_per_dim": [
        2.677634501179624,
        0.7054633076058839,
        2.943430956919538
      ],
      "traj_vel_mse_per_dim": [
        5.214809643590995,
        0.022372846336107862,
        27.700355223421926
      ],
      "final_state_mse": 19.38186649739289,
      "final_pos_mse": 2.7405870549236333,
      "final_vel_mse": 36.02314593986215,
      "final_pos_mse_per_dim": [
        4.301264930065594,
        3.9200803413231124,
        0.00041589338219418496
      ],
      "final_vel_mse_per_dim": [
        15.823947673316619,
        0.06762915245420617,
        92.17786099381561
      ]
    },
    {
      "id": 974,
      "traj_len": 99,
      "traj_state_mse": 4.997969670231109,
      "traj_pos_mse": 1.091683833450822,
      "traj_vel_mse": 8.904255507011396,
      "traj_pos_mse_per_dim": [
        0.268767619774597,
        0.09541163733965499,
        2.910872243238214
      ],
      "traj_vel_mse_per_dim": [
        3.3109042130018542,
        0.01235239866549264,
        23.38950990936684
      ],
      "final_state_mse": 16.352982505353914,
      "final_pos_mse": 2.096885721752532,
      "final_vel_mse": 30.609079288955297,
      "final_pos_mse_per_dim": [
        0.702302358881362,
        0.013165319588987626,
        5.575189486787246
      ],
      "final_vel_mse_per_dim": [
        11.718691034389046,
        0.04523465763510133,
        80.06331217484174
      ]
    },
    {
      "id": 200,
      "traj_len": 99,
      "traj_state_mse": 6.557580266843578,
      "traj_pos_mse": 3.6246628787480777,
      "traj_vel_mse": 9.490497654939077,
      "traj_pos_mse_per_dim": [
        3.322631951428277,
        4.526731595056662,
        3.0246250897592915
      ],
      "traj_vel_mse_per_dim": [
        2.0532106780147696,
        0.024775637092651643,
        26.393506649709813
      ],
      "final_state_mse": 20.146014794663493,
      "final_pos_mse": 8.484117762418238,
      "final_vel_mse": 31.807911826908747,
      "final_pos_mse_per_dim": [
        5.075831412788628,
        19.906227441609566,
        0.4702944328565237
      ],
      "final_vel_mse_per_dim": [
        8.810587630403674,
        0.07154104458717012,
        86.5416068057354
      ]
    },
    {
      "id": 474,
      "traj_len": 99,
      "traj_state_mse": 4.97741939790459,
      "traj_pos_mse": 1.1073075131010401,
      "traj_vel_mse": 8.84753128270814,
      "traj_pos_mse_per_dim": [
        0.28170974798143034,
        0.12398336833006003,
        2.9162294229916306
      ],
      "traj_vel_mse_per_dim": [
        3.2728677400120305,
        0.010879122066180373,
        23.25884698604621
      ],
      "final_state_mse": 16.26443567979662,
      "final_pos_mse": 1.9116966920360667,
      "final_vel_mse": 30.61717466755717,
      "final_pos_mse_per_dim": [
        0.7502666093793401,
        0.07045120848853077,
        4.91437225824033
      ],
      "final_vel_mse_per_dim": [
        11.703203483244362,
        0.042354950608763424,
        80.10596556881839
      ]
    },
    {
      "id": 188,
      "traj_len": 99,
      "traj_state_mse": 4.985079964604832,
      "traj_pos_mse": 1.1035741395507086,
      "traj_vel_mse": 8.866585789658957,
      "traj_pos_mse_per_dim": [
        0.27521592381348675,
        0.11931827696915748,
        2.9161882178694825
      ],
      "traj_vel_mse_per_dim": [
        3.288824874512604,
        0.011014578479993674,
        23.29991791598427
      ],
      "final_state_mse": 16.3302377219451,
      "final_pos_mse": 1.970940400398841,
      "final_vel_mse": 30.68953504349136,
      "final_pos_mse_per_dim": [
        0.7473462580064859,
        0.05742646450454003,
        5.108048478685498
      ],
      "final_vel_mse_per_dim": [
        11.756067789669812,
        0.042859021465327246,
        80.26967831933894
      ]
    },
    {
      "id": 560,
      "traj_len": 99,
      "traj_state_mse": 6.33512363766104,
      "traj_pos_mse": 1.804706606084759,
      "traj_vel_mse": 10.865540669237319,
      "traj_pos_mse_per_dim": [
        1.8430877459343207,
        0.6208434573705429,
        2.950188614949413
      ],
      "traj_vel_mse_per_dim": [
        4.944374547355594,
        0.0231633280618114,
        27.629084132294565
      ],
      "final_state_mse": 18.5721607040868,
      "final_pos_mse": 1.7243033568195896,
      "final_vel_mse": 35.42001805135401,
      "final_pos_mse_per_dim": [
        2.3032174017952523,
        2.866680834919491,
        0.0030118337440251733
      ],
      "final_vel_mse_per_dim": [
        14.870086252687416,
        0.06653721184113509,
        91.32343068953348
      ]
    },
    {
      "id": 432,
      "traj_len": 99,
      "traj_state_mse": 5.043367435320473,
      "traj_pos_mse": 1.1521876928896073,
      "traj_vel_mse": 8.934547177751341,
      "traj_pos_mse_per_dim": [
        0.2943484948158727,
        0.19381064590438418,
        2.968403937948564
      ],
      "traj_vel_mse_per_dim": [
        3.207523334815016,
        0.01636132202751681,
        23.579756876411484
      ],
      "final_state_mse": 16.6495551275836,
      "final_pos_mse": 2.71227269475445,
      "final_vel_mse": 30.58683756041275,
      "final_pos_mse_per_dim": [
        0.3569964398193676,
        0.5855575002040917,
        7.194264144239892
      ],
      "final_vel_mse_per_dim": [
        11.487637945212862,
        0.054788672865536896,
        80.21808606315986
      ]
    },
    {
      "id": 316,
      "traj_len": 99,
      "traj_state_mse": 4.32717666514156,
      "traj_pos_mse": 1.176743864645125,